2024 Topps Finest MLS 101 Cristian Arango Aqua Refractor	Cristian Arango	101	 Topps Finest MLS	Topps	2023-2024	MLS	Aqua Refractor	https://sportscards.standard.us-east-1.oortstorages.com/new%20card%20scans%202/card%20matcher/Untitled-4_0005_Layer%201.jpg  | https://sportscards.standard.us-east-1.oortstorages.com/new%20card%20scans%202/card%20matcher/Untitled-5_0005_Layer%202.jpg 
2024 Topps Finest MLS 137 Liel Abada Aqua Refractor	Liel Abada	137	 Topps Finest MLS	Topps	2023-2024	MLS	Aqua Refractor	https://sportscards.standard.us-east-1.oortstorages.com/new%20card%20scans%202/card%20matcher/Untitled-4_0001_Layer%205.jpg  | https://sportscards.standard.us-east-1.oortstorages.com/new%20card%20scans%202/card%20matcher/Untitled-5_0001_Layer%206.jpg 
2024 Topps Finest MLS 231 Pedro de La Vega Neon Green Refractor	Pedro de La Vega	231	 Topps Finest MLS	Topps	2023-2024	MLS	Neon Green Refractor	https://sportscards.standard.us-east-1.oortstorages.com/new%20card%20scans%202/card%20matcher/Untitled-4_0000_Layer%206.jpg  | https://sportscards.standard.us-east-1.oortstorages.com/new%20card%20scans%202/card%20matcher/Untitled-5_0000_Layer%207.jpg 
2023-24 Topps Chrome Bundesliga 1963 Topps Autographs JJ Julian Justvan	Julian Justvan	1963	Topps Chrome Bundesliga	Topps	2023-2024	Bundesliga	Topps Autograph	https://sportscards.standard.us-east-1.oortstorages.com/new%20card%20scans%202/card%20matcher/Untitled-4_0004_Layer%202.jpg  | https://sportscards.standard.us-east-1.oortstorages.com/new%20card%20scans%202/card%20matcher/Untitled-5_0004_Layer%203.jpg 
2024 Topps Finest MLS Finest Dominators DO1 Lionel Messi	Lionel Messi	1	 Topps Finest MLS	Topps	2023-2024	MLS	Dominators	https://sportscards.standard.us-east-1.oortstorages.com/new%20card%20scans%202/card%20matcher/Untitled-4_0002_Layer%204.jpg | https://sportscards.standard.us-east-1.oortstorages.com/new%20card%20scans%202/card%20matcher/Untitled-5_0002_Layer%205.jpg 
2024-25 Topps UEFA Club Competitions Historic Captains HC4 Lionel Messi	Lionel Messi	HC4	Topps UEFA	Topps	2024-2025	MLS	Historic Captains	https://sportscards.standard.us-east-1.oortstorages.com/new%20card%20scans%202/card%20matcher/Untitled-6_0005_Layer%208.jpg  | https://sportscards.standard.us-east-1.oortstorages.com/new%20card%20scans%202/card%20matcher/Untitled-7_0005_Layer%2014.jpg
2024-25 Topps Gold UEFA Club Competitions Future Stars Endrick	Endrick		Topps UEFA	Topps	2024-2025	La Liga	Future Stars	https://sportscards.standard.us-east-1.oortstorages.com/new%20card%20scans%202/card%20matcher/Untitled-6_0004_Layer%209.jpg | https://sportscards.standard.us-east-1.oortstorages.com/new%20card%20scans%202/card%20matcher/Untitled-7_0004_Layer%2015.jpg 
2024-25 Topps UEFA Club Competitions #9 Erling Haaland Manchester City NM-MT	Erling Haaland	9	Topps UEFA	Topps	2024-2025	Premier League	Base	https://sportscards.standard.us-east-1.oortstorages.com/new%20card%20scans%202/card%20matcher/Untitled-6_0003_Layer%2010.jpg  | https://sportscards.standard.us-east-1.oortstorages.com/new%20card%20scans%202/card%20matcher/Untitled-7_0003_Layer%2016.jpg 
2024-25 Panini Donruss FIFA #92 Martin Odegaard Silver Prizm Arsenal	Martin Odegaard	92	Panini Donruss	Panini	2024-2025	Premier League	Silver	https://sportscards.standard.us-east-1.oortstorages.com/new%20card%20scans%202/card%20matcher/Untitled-6_0002_Layer%2011.jpg  | https://sportscards.standard.us-east-1.oortstorages.com/new%20card%20scans%202/card%20matcher/Untitled-7_0002_Layer%2017.jpg 
2024-25 Panini Donruss FIFA Magicians #4 Martin Odegaard Insert Arsenal	Martin Odegaard	4	Panini Donruss	Panini	2024-2025	Premier League	Optic	https://sportscards.standard.us-east-1.oortstorages.com/new%20card%20scans%202/card%20matcher/Untitled-6_0001_Layer%2012.jpg  | https://sportscards.standard.us-east-1.oortstorages.com/new%20card%20scans%202/card%20matcher/Untitled-7_0001_Layer%2018.jpg 
2024-25 Panini Donruss FIFA #96 Erling Haaland Optic Prizm Manchester City	Erling Haaland	96	Panini Donruss	Panini	2024-2025	Premier League	Optic	https://sportscards.standard.us-east-1.oortstorages.com/new%20card%20scans%202/card%20matcher/Untitled-6_0000_Layer%2013.jpg  | https://sportscards.standard.us-east-1.oortstorages.com/new%20card%20scans%202/card%20matcher/Untitled-7_0002_Layer%2017.jpg 
2024-25 Panini Donruss FIFA Rookie Kings #3 Alhasan Yusuf RC Auto	Alhassan Yusuf	3	Panini Donruss	Panini	2024-2025	Belgian Pro League	Rookie Kings	https://sportscards.standard.us-east-1.oortstorages.com/new%20card%20scans%202/card%20matcher/Untitled-23_0010_Layer%20172.jpg  | https://sportscards.standard.us-east-1.oortstorages.com/new%20card%20scans%202/card%20matcher/Untitled-23_0004_Layer%20178.jpg 
2024 Topps Finest MLS Autographs #BALU Lucho Acosta Neon Green Refractor Auto /99	Lucho Acosta	BALU	Topps Finest	Topps	2023-2024	MLS	Neon Green Refractor	https://sportscards.standard.us-east-1.oortstorages.com/new%20card%20scans%202/card%20matcher/Untitled-2_0005_Layer%201.jpg  | https://sportscards.standard.us-east-1.oortstorages.com/new%20card%20scans%202/card%20matcher/Untitled-1_0005_Layer%201.jpg 
2024 Topps Finest MLS Prized Footballers Auto #PFALU Lucho Acosta Orange Refractor /25	Lucho Acosta	PFALU	Topps Finest	Topps	2023-2024	MLS	Orange Refractor	https://sportscards.standard.us-east-1.oortstorages.com/new%20card%20scans%202/card%20matcher/Untitled-2_0004_Layer%202.jpg  | https://sportscards.standard.us-east-1.oortstorages.com/new%20card%20scans%202/card%20matcher/Untitled-1_0004_Layer%202.jpg 
2024 Topps Finest MLS #254 Alexey Miranchuk Orange Refractor Atlanta United	Alexey Miranchuk	254	Topps Finest	Topps	2023-2024	MLS	Orange Refractor	https://sportscards.standard.us-east-1.oortstorages.com/new%20card%20scans%202/card%20matcher/Untitled-10_0006_Layer%2087.jpg | https://sportscards.standard.us-east-1.oortstorages.com/new%20card%20scans%202/card%20matcher/Untitled-10_0000_Layer%2093.jpg 
2024 Topps Finest MLS #263 Diego Fagundez Orange Refractor Austin FC	Diego Fagundez	263	Topps Finest	Topps	2023-2024	MLS	Orange Refractor	https://sportscards.standard.us-east-1.oortstorages.com/new%20card%20scans%202/card%20matcher/Untitled-10_0012_Layer%2081.jpg | https://sportscards.standard.us-east-1.oortstorages.com/new%20card%20scans%202/card%20matcher/Untitled-9_0005_Layer%2087.jpg 
2024 Topps Finest MLS Prized Footballers Fusion #PFF10 Marco Reus Yellow/Red Insert	Marco Reus 	PFF10	 Topps Finest MLS	Topps	2023-24	MLS	Yellow/Red (Prized Footballers)	https://sportscards.standard.us-east-1.oortstorages.com/new%20card%20scans%202/card%20matcher/Untitled-8_0006_Layer%2074.jpg  | https://sportscards.standard.us-east-1.oortstorages.com/new%20card%20scans%202/card%20matcher/Untitled-8_0001_Layer%2079.jpg 
2024 Topps Finest MLS Autographs #BAPD Pedro de La Vega Auto Seattle Sounders	 Pedro de La Vega	BAPD	 Topps Finest MLS	Topps	2023-24	MLS	Topps Autograph	https://sportscards.standard.us-east-1.oortstorages.com/new%20card%20scans%202/card%20matcher/Untitled-2_0000_Layer%206.jpg  | https://sportscards.standard.us-east-1.oortstorages.com/new%20card%20scans%202/card%20matcher/Untitled-1_0002_Layer%204.jpg 
2024 Topps Finest MLS Autographs #BASJ Stiven Jimenez Gold Refractor Auto /50	Stiven Jimenez	BASJ	 Topps Finest MLS	Topps	2023-24	MLS	Topps Autograph	https://sportscards.standard.us-east-1.oortstorages.com/new%20card%20scans%202/card%20matcher/Untitled-2_0002_Layer%204.jpg  | https://sportscards.standard.us-east-1.oortstorages.com/new%20card%20scans%202/card%20matcher/Untitled-1_0000_Layer%206.jpg 
2024 Topps Finest MLS Autographs #BATH Thomas Williams Auto Rookie	Thomas Williams	BATH	 Topps Finest MLS	Topps	2023-24	MLS	Topps Autograph	https://sportscards.standard.us-east-1.oortstorages.com/new%20card%20scans%202/card%20matcher/Untitled-2_0001_Layer%205.jpg  | https://sportscards.standard.us-east-1.oortstorages.com/new%20card%20scans%202/card%20matcher/Untitled-1_0001_Layer%205.jpg 
2024 Topps Finest MLS #132 Andre Blake Red Refractor Philadelphia Union	Andre Blake	132	 Topps Finest MLS	Topps	2023-24	MLS	Red Refractor	https://sportscards.standard.us-east-1.oortstorages.com/new%20card%20scans%202/card%20matcher/andre_blake_0001_Layer%201.jpg  | https://sportscards.standard.us-east-1.oortstorages.com/new%20card%20scans%202/card%20matcher/andre_blake_0000_Layer%202.jpg 
2024 Topps Finest MLS Finest Fabrics Relics #FFRP Riqui Puig Gold Refractor LA Galaxy	Riqui Puig	FFRP	 Topps Finest MLS	Topps	2023-24	MLS	Gold Refractor	https://sportscards.standard.us-east-1.oortstorages.com/new%20card%20scans%202/card%20matcher/Puig_Jersey_0000_Layer%201.jpg  | https://sportscards.standard.us-east-1.oortstorages.com/new%20card%20scans%202/card%20matcher/Puig_Jersey_0001_Layer%202.jpg 
2024 Topps Finest MLS Autographs #BABC Benja Cremaschi Auto Inter Miami	Benja Cremaschi	BABC	 Topps Finest MLS	Topps	2023-24	MLS	Topps Autograph	https://sportscards.standard.us-east-1.oortstorages.com/new%20card%20scans%202/card%20matcher/Untitled-3_0002_Layer%206.jpg  | https://sportscards.standard.us-east-1.oortstorages.com/new%20card%20scans%202/card%20matcher/Benja_auto_back_0000_Layer%201.jpg 
2024 Topps Finest MLS Pop Art #PA14 Zlatan Ibrahimovic Insert LA Galaxy	Zlatan Ibrahimovic	PA14	 Topps Finest MLS	Topps	2023-24	MLS	Pop Art	https://sportscards.standard.us-east-1.oortstorages.com/new%20card%20scans%202/card%20matcher/Untitled-8_0009_Layer%2071.jpg  | https://sportscards.standard.us-east-1.oortstorages.com/new%20card%20scans%202/card%20matcher/Untitled-8_0004_Layer%2076.jpg 
2024 Topps Finest MLS SP #MLS9 Zlatan Ibrahimovic Short Print LA Galaxy	Zlatan Ibrahimovic	MLS9	 Topps Finest MLS	Topps	2023-24	MLS	Short Print	https://sportscards.standard.us-east-1.oortstorages.com/new%20card%20scans%202/card%20matcher/Untitled-16_0007_Layer%20136.jpg | https://sportscards.standard.us-east-1.oortstorages.com/new%20card%20scans%202/card%20matcher/Untitled-16_0001_Layer%20142.jpg 
2024 Topps Chrome MLS #33 Nouhou Red Refractor Seattle Sounders	Nouhou 	33	 Topps Finest MLS	Topps	2023-24	MLS	Red Refractor	https://sportscards.standard.us-east-1.oortstorages.com/new%20card%20scans%202/card%20matcher/nouhou_0000_Layer%202.jpg  | https://sportscards.standard.us-east-1.oortstorages.com/new%20card%20scans%202/card%20matcher/nouhou_0001_Layer%201.jpg 
2024-25 Topps UEFA Ultimate Stage Chrome #USC16 Lionel Messi Inter Miami	Lionel Messi	USC16	 Topps Finest MLS	Topps	2023-24	MLS	Ultimate Stage Chrome	https://sportscards.standard.us-east-1.oortstorages.com/new%20card%20scans%202/card%20matcher/Untitled-11_0009_Layer%2096.jpg  | https://sportscards.standard.us-east-1.oortstorages.com/new%20card%20scans%202/card%20matcher/Untitled-11_0003_Layer%20102.jpg 
2024 Topps Finest MLS Autographs #BADF Diego Fagundez Gold Refractor Auto /50	Diego Fagundez	BADF	 Topps Finest MLS	Topps	2023-24	MLS	Topps Autograph Gold Refractor	https://sportscards.standard.us-east-1.oortstorages.com/new%20card%20scans%202/card%20matcher/Untitled-3_0004_Layer%204.jpg  | https://sportscards.standard.us-east-1.oortstorages.com/new%20card%20scans%202/card%20matcher/Untitled-16_0005_Layer%20138.jpg 
2024 Topps Finest MLS Autographs #BADF Diego Fagundez Auto Austin FC	Diego Fagundez	BADF	 Topps Finest MLS	Topps	2023-24	MLS	Topps Autograph	https://sportscards.standard.us-east-1.oortstorages.com/new%20card%20scans%202/card%20matcher/Untitled-3_0005_Layer%203.jpg  | https://sportscards.standard.us-east-1.oortstorages.com/new%20card%20scans%202/card%20matcher/Untitled-9_0005_Layer%2087.jpg 
2024 Topps Finest MLS #231 Pedro de La Vega Aqua Refractor Seattle Sounders	Pedro de La Vega	231	 Topps Finest MLS	Topps	2023-24	MLS	Aqua Refractor	https://sportscards.standard.us-east-1.oortstorages.com/new%20card%20scans%202/card%20matcher/card%20matcher/Untitled-1_0045_Layer%203.jpg  | https://sportscards.standard.us-east-1.oortstorages.com/new%20card%20scans%202/card%20matcher/card%20matcher/Untitled-1_0039_Layer%209.jpg 
2024 Topps Finest MLS Team Logo #TL12 LA Galaxy Relic	La Galaxy	12	 Topps Finest MLS	Topps	2023-24	MLS	Team Logo	https://sportscards.standard.us-east-1.oortstorages.com/new%20card%20scans%202/card%20matcher/Untitled-9_0008_Layer%2084.jpg  | https://sportscards.standard.us-east-1.oortstorages.com/new%20card%20scans%202/card%20matcher/Untitled-9_0002_Layer%2090.jpg 
2023-24 Topps Stadium Club Chrome UEFA #69 Mauro Icardi Galatasaray	Mauro Icardi	69	 Topps Stadium Club Chrome	Topps	2023-24	Ligue 1	Base	https://sportscards.standard.us-east-1.oortstorages.com/new%20card%20scans%202/card%20matcher/Untitled-11_0006_Layer%2099.jpg | https://sportscards.standard.us-east-1.oortstorages.com/new%20card%20scans%202/card%20matcher/Untitled-11_0000_Layer%20105.jpg
2023-24 Topps Stadium Club Chrome UEFA #23 Randal Kolo Muani PSG	Randal Kolo Muani	23	 Topps Stadium Club Chrome	Topps	2023-24	Ligue 1	Base	https://sportscards.standard.us-east-1.oortstorages.com/new%20card%20scans%202/card%20matcher/Untitled-11_0008_Layer%2097.jpg  | https://sportscards.standard.us-east-1.oortstorages.com/new%20card%20scans%202/card%20matcher/Untitled-11_0002_Layer%20103.jpg 
2024 Topps Finest MLS #29 Daniel Gazdag Orange Refractor Philadelphia Union	Daniel Gazdag	29	 Topps Finest MLS	Topps	2023-24	MLS	Orange Refractor	https://sportscards.standard.us-east-1.oortstorages.com/new%20card%20scans%202/card%20matcher/card%20matcher/Untitled-1_0046_Layer%202.jpg  | https://sportscards.standard.us-east-1.oortstorages.com/new%20card%20scans%202/card%20matcher/card%20matcher/Untitled-1_0040_Layer%208.jpg 
2024 Topps Finest MLS #210 Rafael Navarro Oil Spill Refractor Colorado Rapids	Rafael Navarro	210	 Topps Finest MLS	Topps	2023-24	MLS	Oil Spill Refractor	https://sportscards.standard.us-east-1.oortstorages.com/new%20card%20scans%202/card%20matcher/card%20matcher/Untitled-1_0047_Layer%201.jpg | https://sportscards.standard.us-east-1.oortstorages.com/new%20card%20scans%202/card%20matcher/card%20matcher/Untitled-1_0041_Layer%207.jpg
2024 Topps Finest MLS #47 Diogo Goncalves Gold Refractor /50 New England	Diogo Goncalves	47	 Topps Finest MLS	Topps	2023-24	MLS	Gold Refractor	https://sportscards.standard.us-east-1.oortstorages.com/new%20card%20scans%202/card%20matcher/card%20matcher/Untitled-1_0042_Layer%206.jpg | https://sportscards.standard.us-east-1.oortstorages.com/new%20card%20scans%202/card%20matcher/card%20matcher/Untitled-1_0037_Layer%2011.jpg 
2024 Topps Finest MLS #47 Diogo Goncalves Neon Green Refractor /99 New England	Diogo Goncalves	47	 Topps Finest MLS	Topps	2023-24	MLS	Neon Green Refractor	https://sportscards.standard.us-east-1.oortstorages.com/new%20card%20scans%202/card%20matcher/card%20matcher/Untitled-1_0043_Layer%205.jpg  | https://sportscards.standard.us-east-1.oortstorages.com/new%20card%20scans%202/card%20matcher/card%20matcher/Untitled-1_0036_Layer%2012.jpg 
2024 Topps Finest MLS #145 Cody Baker Gold Refractor /50 Real Salt Lake	Cody Baker	145	 Topps Finest MLS	Topps	2023-24	MLS	Gold Refractor	https://sportscards.standard.us-east-1.oortstorages.com/new%20card%20scans%202/card%20matcher/card%20matcher/Untitled-1_0044_Layer%204.jpg | https://sportscards.standard.us-east-1.oortstorages.com/new%20card%20scans%202/card%20matcher/card%20matcher/Untitled-1_0038_Layer%2010.jpg 
2024 Topps Finest MLS #266 Alonso Martinez Aqua Refractor NYCFC	Alonso Martinez	266	 Topps Finest MLS	Topps	2023-24	MLS	Aqua Refractor	https://sportscards.standard.us-east-1.oortstorages.com/new%20card%20scans%202/card%20matcher/Untitled-10_0009_Layer%2084.jpg  | https://sportscards.standard.us-east-1.oortstorages.com/new%20card%20scans%202/card%20matcher/Untitled-10_0003_Layer%2090.jpg 
2024 Topps Finest MLS #126 Agustin Ojeda Gold Refractor /50 NYCFC	Agustin Ojeda	126	 Topps Finest MLS	Topps	2023-24	MLS	Gold Refractor	https://sportscards.standard.us-east-1.oortstorages.com/new%20card%20scans%202/card%20matcher/Untitled-10_0010_Layer%2083.jpg  | https://sportscards.standard.us-east-1.oortstorages.com/new%20card%20scans%202/card%20matcher/Untitled-10_0004_Layer%2089.jpg 
2024 Topps Finest MLS #111 Alonso Martinez Gold Refractor /50 NYCFC	Alonso Martinez	111	 Topps Finest MLS	Topps	2023-24	MLS	Gold Refractor	https://sportscards.standard.us-east-1.oortstorages.com/new%20card%20scans%202/card%20matcher/card%20matcher/Untitled-1_0021_Layer%2027.jpg | https://sportscards.standard.us-east-1.oortstorages.com/new%20card%20scans%202/card%20matcher/card%20matcher/Untitled-1_0017_Layer%2031.jpg 
2024 Topps Finest MLS #43 Alexey Miranchuk Gold Refractor /50 Atlanta United	Alexey Miranchuk	43	 Topps Finest MLS	Topps	2023-24	MLS	Gold Refractor	https://sportscards.standard.us-east-1.oortstorages.com/new%20card%20scans%202/card%20matcher/Untitled-10_0007_Layer%2086.jpg  | https://sportscards.standard.us-east-1.oortstorages.com/new%20card%20scans%202/card%20matcher/Untitled-10_0001_Layer%2092.jpg 
2024 Topps Finest MLS #123 Eduard Lowen Aqua Refractor St. Louis City	Eduard Lowen	123	 Topps Finest MLS	Topps	2023-24	MLS	Aqua Refractor	https://sportscards.standard.us-east-1.oortstorages.com/new%20card%20scans%202/card%20matcher/Untitled-10_0008_Layer%2085.jpg  | https://sportscards.standard.us-east-1.oortstorages.com/new%20card%20scans%202/card%20matcher/Untitled-10_0002_Layer%2091.jpg 
2024 Topps Finest MLS Riqui Puig Orange Refractor LA Galaxy	Riqui Puig	100	 Topps Finest MLS	Topps	2023-24	MLS	Orange Refractor	https://sportscards.standard.us-east-1.oortstorages.com/new%20card%20scans%202/card%20matcher/Untitled-9_0007_Layer%2085.jpg  | https://sportscards.standard.us-east-1.oortstorages.com/new%20card%20scans%202/card%20matcher/Untitled-9_0001_Layer%2091.jpg 
2024 Topps Finest MLS Riqui Puig Neon Green Refractor /99 LA Galaxy	Riqui Puig	202	 Topps Finest MLS	Topps	2024-25	MLS	Neon Green Refractor	https://sportscards.standard.us-east-1.oortstorages.com/new%20card%20scans%202/card%20matcher/Untitled-9_0006_Layer%2086.jpg  | https://sportscards.standard.us-east-1.oortstorages.com/new%20card%20scans%202/card%20matcher/Untitled-16_0003_Layer%20140.jpg 
2024 Topps Finest MLS Diego Fagundez Gold Refractor /50 Austin FC	Diego Fagundez	181	 Topps Finest MLS	Topps	2024-25	MLS	Gold Refractor	https://sportscards.standard.us-east-1.oortstorages.com/new%20card%20scans%202/card%20matcher/Untitled-9_0009_Layer%2083.jpg  | https://sportscards.standard.us-east-1.oortstorages.com/new%20card%20scans%202/card%20matcher/Untitled-9_0003_Layer%2089.jpg
2024 Topps Finest MLS Kerwin Vargas Charlotte FC RC	Kerwin Vargas	FD7	 Topps Finest MLS	Topps	2024	MLS	-	https://sportscards.standard.us-east-1.oortstorages.com/new%20card%20scans%202/card%20matcher/Untitled-12_0009_Layer%2097.jpg  | https://sportscards.standard.us-east-1.oortstorages.com/new%20card%20scans%202/card%20matcher/Untitled-12_0003_Layer%20103.jpg
2024 Topps Finest MLS Zlatan Ibrahimovic LA Galaxy	Zlatan Ibrahimovic	FD5	 Topps Finest MLS	Topps	2024	red	-	https://sportscards.standard.us-east-1.oortstorages.com/new%20card%20scans%202/card%20matcher/Untitled-20_0007_Layer%20173.jpg  | https://sportscards.standard.us-east-1.oortstorages.com/new%20card%20scans%202/card%20matcher/Untitled-20_0001_Layer%20179.jpg 
2024 Topps Finest MLS Lionel Messi Inter Miami	Lionel Messi	FD1	 Topps Finest MLS	Topps	2024	MLS	-	https://sportscards.standard.us-east-1.oortstorages.com/new%20card%20scans%202/card%20matcher/Untitled-20_0009_Layer%20171.jpg  | https://sportscards.standard.us-east-1.oortstorages.com/new%20card%20scans%202/card%20matcher/Untitled-20_0003_Layer%20177.jpg 
2024 Topps Finest MLS Luis Suarez Inter Miami	Luis Suarez	FD3	 Topps Finest MLS	Topps	2024	MLS	-	https://sportscards.standard.us-east-1.oortstorages.com/new%20card%20scans%202/card%20matcher/Untitled-20_0010_Layer%20170.jpg  | https://sportscards.standard.us-east-1.oortstorages.com/new%20card%20scans%202/card%20matcher/Untitled-20_0004_Layer%20176.jpg 
2024 Topps Finest MLS Gabriel Pec	Gabriel Pec	FD11	 Topps Finest MLS	Topps	2024	MLS	-	https://sportscards.standard.us-east-1.oortstorages.com/new%20card%20scans%202/card%20matcher/Untitled-20_0006_Layer%20174.jpg  | https://sportscards.standard.us-east-1.oortstorages.com/new%20card%20scans%202/card%20matcher/Untitled-20_0000_Layer%20180.jpg 
2024 Topps Finest MLS Joseph Paintsil	Joseph Paintsil	FD10	 Topps Finest MLS	Topps	2024	MLS	-	https://sportscards.standard.us-east-1.oortstorages.com/new%20card%20scans%202/card%20matcher/Untitled-20_0008_Layer%20172.jpg  | https://sportscards.standard.us-east-1.oortstorages.com/new%20card%20scans%202/card%20matcher/Untitled-20_0002_Layer%20178.jpg 
2024 Topps Finest MLS Pedro de La Vega	Pedro de La Vega	FD2	 Topps Finest MLS	Topps	2024	MLS	-	https://sportscards.standard.us-east-1.oortstorages.com/new%20card%20scans%202/card%20matcher/Untitled-21_0007_Layer%20174.jpg  | https://sportscards.standard.us-east-1.oortstorages.com/new%20card%20scans%202/card%20matcher/Untitled-21_0001_Layer%20180.jpg 
2024 Topps Finest MLS Omar Campos	Omar Campos	FD9	 Topps Finest MLS	Topps	2024	MLS	-	https://sportscards.standard.us-east-1.oortstorages.com/new%20card%20scans%202/card%20matcher/Untitled-20_0011_Layer%20169.jpg  | https://sportscards.standard.us-east-1.oortstorages.com/new%20card%20scans%202/card%20matcher/Untitled-20_0005_Layer%20175.jpg 
2024 Topps Finest MLS Santiago Rodriguez	Santiago Rodriguez	FD14	 Topps Finest MLS	Topps	2024	MLS	-	https://sportscards.standard.us-east-1.oortstorages.com/new%20card%20scans%202/card%20matcher/Untitled-21_0006_Layer%20175.jpg  | https://sportscards.standard.us-east-1.oortstorages.com/new%20card%20scans%202/card%20matcher/Untitled-21_0000_Layer%20181.jpg 
2024 Topps Finest MLS Sebastian Driussi	Sebastian Driussi	PF24	 Topps Finest MLS	Topps	2024	MLS	-	https://sportscards.standard.us-east-1.oortstorages.com/new%20card%20scans%202/card%20matcher/Untitled-12_0010_Layer%2096.jpg  | https://sportscards.standard.us-east-1.oortstorages.com/new%20card%20scans%202/card%20matcher/Untitled-12_0004_Layer%20102.jpg 
2024 Topps Finest MLS Cristian Arango	Cristian Arango	13	 Topps Finest MLS	Topps	2024	MLS	-	https://sportscards.standard.us-east-1.oortstorages.com/new%20card%20scans%202/card%20matcher/Untitled-12_0011_Layer%2095.jpg  | https://sportscards.standard.us-east-1.oortstorages.com/new%20card%20scans%202/card%20matcher/Untitled-12_0005_Layer%20101.jpg 
2024 Topps Finest MLS Diego Luna	Diego Luna	17	 Topps Finest MLS	Topps	2024	MLS	-	https://sportscards.standard.us-east-1.oortstorages.com/new%20card%20scans%202/card%20matcher/Untitled-18_0007_Layer%20149.jpg  | https://sportscards.standard.us-east-1.oortstorages.com/new%20card%20scans%202/card%20matcher/Untitled-18_0001_Layer%20155.jpg 
2024 Topps Finest MLS Hugo Cuypers	Hugo Cuypers	7	 Topps Finest MLS	Topps	2024	MLS	Base	https://sportscards.standard.us-east-1.oortstorages.com/new%20card%20scans%202/card%20matcher/Untitled-18_0008_Layer%20148.jpg  | https://sportscards.standard.us-east-1.oortstorages.com/new%20card%20scans%202/card%20matcher/Untitled-18_0002_Layer%20154.jpg 
2024-25 Panini Donruss FIFA Emiliano Martinez Crunch Time	Emiliano Martinez	19	 Panini Donruss FIFA	Panini	2024	FIFA	Crunch Time	https://sportscards.standard.us-east-1.oortstorages.com/new%20card%20scans%202/card%20matcher/Untitled-19_0008_Layer%20160.jpg  | https://sportscards.standard.us-east-1.oortstorages.com/new%20card%20scans%202/card%20matcher/Untitled-19_0002_Layer%20166.jpg 
2024-25 Panini Donruss FIFA Julian Alvarez Pitch Kings	Julian Alvarez	22	 Panini Donruss FIFA	Panini	2024	FIFA	Pitch Kings	https://sportscards.standard.us-east-1.oortstorages.com/new%20card%20scans%202/card%20matcher/Untitled-19_0009_Layer%20159.jpg  | https://sportscards.standard.us-east-1.oortstorages.com/new%20card%20scans%202/card%20matcher/Untitled-19_0003_Layer%20165.jpg 
2024-25 Panini Donruss FIFA Alejandro Garnacho Crunch Time	Alejandro Garnacho	22	 Panini Donruss FIFA	Panini	2024	FIFA	Crunch Time	https://sportscards.standard.us-east-1.oortstorages.com/new%20card%20scans%202/card%20matcher/Untitled-19_0011_Layer%20157.jpg  | https://sportscards.standard.us-east-1.oortstorages.com/new%20card%20scans%202/card%20matcher/Untitled-19_0005_Layer%20163.jpg  
2024-25 Panini Donruss FIFA Lautaro Martinez Net Marvels	Lautaro Martinez	22	 Panini Donruss FIFA	Panini	2024	FIFA	Net Marvels	https://sportscards.standard.us-east-1.oortstorages.com/new%20card%20scans%202/card%20matcher/Untitled-19_0010_Layer%20158.jpg | https://sportscards.standard.us-east-1.oortstorages.com/new%20card%20scans%202/card%20matcher/Untitled-19_0004_Layer%20164.jpg 
2024-25 Panini Donruss FIFA Valentin Barco Optic-Argyle	Valentin Barco	185	 Panini Donruss FIFA	Panini	2024-25	Premier League	Optic-Argyle	https://sportscards.standard.us-east-1.oortstorages.com/new%20card%20scans%202/card%20matcher/Untitled-19_0007_Layer%20161.jpg |https://sportscards.standard.us-east-1.oortstorages.com/new%20card%20scans%202/card%20matcher/Untitled-19_0001_Layer%20167.jpg 
2024-25 Panini Donruss FIFA Nicolas Otamendi Optic-Argyle	Nicolas Otamendi	83	 Panini Donruss FIFA	Panini	2024-25	Primeira Liga	Optic-Argyle	https://sportscards.standard.us-east-1.oortstorages.com/new%20card%20scans%202/card%20matcher/Untitled-22_0007_Layer%20175.jpg |https://sportscards.standard.us-east-1.oortstorages.com/new%20card%20scans%202/card%20matcher/Untitled-22_0001_Layer%20181.jpg 
2024-25 Panini Donruss FIFA Enzo Fernandez Zero Gravity	Enzo Fernandez	21	 Panini Donruss FIFA	Panini	2024-25	Premier League	Zero Gravity	https://sportscards.standard.us-east-1.oortstorages.com/new%20card%20scans%202/card%20matcher/Untitled-19_0006_Layer%20162.jpg |https://sportscards.standard.us-east-1.oortstorages.com/new%20card%20scans%202/card%20matcher/Untitled-19_0000_Layer%20168.jpg 
2024-25 Panini Donruss FIFA Phil Foden	Phil Foden	66	 Panini Donruss FIFA	Panini	2024	Premier League	-	https://sportscards.standard.us-east-1.oortstorages.com/new%20card%20scans%202/card%20matcher/Untitled-21_0009_Layer%20172.jpg |https://sportscards.standard.us-east-1.oortstorages.com/new%20card%20scans%202/card%20matcher/Untitled-21_0003_Layer%20178.jpg 
2023-24 Topps Stadium Club Chrome UEFA Kang-in Lee Fully Charged	 Kang-in Lee	FCKIL	 Topps Stadium Club Chrome UEFA	Topps	2024	Ligue 1	Fully Charged	https://sportscards.standard.us-east-1.oortstorages.com/new%20card%20scans%202/card%20matcher/Untitled-13_0009_Layer%20109.jpg |https://sportscards.standard.us-east-1.oortstorages.com/new%20card%20scans%202/card%20matcher/Untitled-13_0003_Layer%20115.jpg 
2023-24 Topps Stadium Club Chrome UEFA Kang-in Lee Green Refractor	 Kang-in Lee	51	 Topps Stadium Club Chrome UEFA	Topps	2024	Ligue 1	Green Refractor	https://sportscards.standard.us-east-1.oortstorages.com/new%20card%20scans%202/card%20matcher/Untitled-13_0010_Layer%20108.jpg |https://sportscards.standard.us-east-1.oortstorages.com/new%20card%20scans%202/card%20matcher/Untitled-13_0004_Layer%20114.jpg 
2024 Topps Finest MLS CF Montreal Team Logo	Montreal	TL3	 Topps Finest MLS	Topps	2024	MLS	Team Logo	https://sportscards.standard.us-east-1.oortstorages.com/new%20card%20scans%202/card%20matcher/Untitled-21_0008_Layer%20173.jpg |https://sportscards.standard.us-east-1.oortstorages.com/new%20card%20scans%202/card%20matcher/Untitled-21_0002_Layer%20179.jpg 
2023-24 Topps Stadium Club Chrome UEFA Achraf Hakimi Say Cheese	 Warren Zaire-Emery	SCWZE	 Topps Stadium Club Chrome UEFA	Topps	2024	Ligue 1	Say Cheese!	https://sportscards.standard.us-east-1.oortstorages.com/new%20card%20scans%202/card%20matcher/Untitled-13_0006_Layer%20112.jpg |https://sportscards.standard.us-east-1.oortstorages.com/new%20card%20scans%202/card%20matcher/Untitled-13_0000_Layer%20118.jpg 
2023-24 Topps Stadium Club Chrome UEFA Achraf Hakimi Say Cheese	 Achraf Hakimi	SCAH	 Topps Stadium Club Chrome UEFA	Topps	2024	Ligue 1	Say Cheese!	https://sportscards.standard.us-east-1.oortstorages.com/new%20card%20scans%202/card%20matcher/Untitled-13_0008_Layer%20110.jpg | https://sportscards.standard.us-east-1.oortstorages.com/new%20card%20scans%202/card%20matcher/Untitled-13_0002_Layer%20116.jpg 
2023-24 Topps Stadium Club Chrome UEFA Wilfed Zaha Say Cheese	Wilfried Zaha	SCWZ 	Topps Stadium Club Chrome UEFA	Topps	2023-24	UEFA	Say Cheese!	https://sportscards.standard.us-east-1.oortstorages.com/new%20card%20scans%202/card%20matcher/Untitled-13_0011_Layer%20107.jpg  |https://sportscards.standard.us-east-1.oortstorages.com/new%20card%20scans%202/card%20matcher/Untitled-13_0005_Layer%20113.jpg 
2024-25 Panini Donruss FIFA 19 Lorenzo Pellegrini Silver	Lorenzo Pellegrini	19	Panini Donruss FIFA	Panini	2024-25	FIFA	Silver	https://sportscards.standard.us-east-1.oortstorages.com/new%20card%20scans%202/card%20matcher/Untitled-21_0010_Layer%20171.jpg  |https://sportscards.standard.us-east-1.oortstorages.com/new%20card%20scans%202/card%20matcher/Untitled-21_0004_Layer%20177.jpg
2024-25 Panini Donruss FIFA 29 Alessandro Bastoni Optic-Plum Blossom	Alessandro Bastoni	29	Panini Donruss FIFA	Panini	2024-25	FIFA	Optic-Plum Blossom	https://sportscards.standard.us-east-1.oortstorages.com/new%20card%20scans%202/card%20matcher/Untitled-23_0012_Layer%20170.jpg | https://sportscards.standard.us-east-1.oortstorages.com/new%20card%20scans%202/card%20matcher/Untitled-21_0005_Layer%20176.jpg 
2024-25 Panini Donruss FIFA Pitch Kings 7 Alessandro Bastoni	Alessandro Bastoni	7	Panini Donruss FIFA	Panini	2024-25	FIFA	Pitch Kings	https://sportscards.standard.us-east-1.oortstorages.com/new%20card%20scans%202/card%20matcher/Untitled-22_0009_Layer%20173.jpg  |https://sportscards.standard.us-east-1.oortstorages.com/new%20card%20scans%202/card%20matcher/Untitled-22_0003_Layer%20179.jpg 
2024-25 Panini Donruss FIFA Net Marvels 18 Federico Chiesa	 Federico Chiesa	18	Panini Donruss FIFA	Panini	2024-25	FIFA		https://sportscards.standard.us-east-1.oortstorages.com/new%20card%20scans%202/card%20matcher/Untitled-22_0010_Layer%20172.jpg  |https://sportscards.standard.us-east-1.oortstorages.com/new%20card%20scans%202/card%20matcher/Untitled-22_0004_Layer%20178.jpg 
2024-25 Panini Donruss FIFA 17 Mateo Retegui	Mateo Retegui	17	Panini Donruss FIFA	Panini	2024-25	FIFA		https://sportscards.standard.us-east-1.oortstorages.com/new%20card%20scans%202/card%20matcher/Untitled-22_0011_Layer%20171.jpg  |https://sportscards.standard.us-east-1.oortstorages.com/new%20card%20scans%202/card%20matcher/Untitled-22_0005_Layer%20177.jpg 
2024-25 Panini Donruss FIFA 24 Riccardo Calafiori Optic-Argyle	Riccardo Calafiori	24	Panini Donruss FIFA	Panini	2024-25	FIFA	Optic-Argyle	https://sportscards.standard.us-east-1.oortstorages.com/new%20card%20scans%202/card%20matcher/Untitled-22_0008_Layer%20174.jpg  |https://sportscards.standard.us-east-1.oortstorages.com/new%20card%20scans%202/card%20matcher/Untitled-22_0002_Layer%20180.jpg 
2024-25 Panini Donruss FIFA 27 Federico Dimarco	 Federico Dimarco	27	Panini Donruss FIFA	Panini	2024-25	FIFA		https://sportscards.standard.us-east-1.oortstorages.com/new%20card%20scans%202/card%20matcher/Untitled-22_0006_Layer%20176.jpg   |https://sportscards.standard.us-east-1.oortstorages.com/new%20card%20scans%202/card%20matcher/Untitled-22_0000_Layer%20182.jpg 
2024-25 Panini Donruss FIFA Rookie Kings 7 Benjamin Tanimu	 Benjamin Tanimu	7	Panini Donruss FIFA	Panini	2024-25	FIFA	Rookie Kings	https://sportscards.standard.us-east-1.oortstorages.com/new%20card%20scans%202/card%20matcher/Untitled-23_0007_Layer%20175.jpg | https://sportscards.standard.us-east-1.oortstorages.com/new%20card%20scans%202/card%20matcher/Untitled-23_0001_Layer%20181.jpg 
2024-25 Panini Donruss FIFA 164 Victor Boniface	Victor Boniface	164	Panini Donruss FIFA	Panini	2024-25	FIFA		https://sportscards.standard.us-east-1.oortstorages.com/new%20card%20scans%202/card%20matcher/Untitled-23_0008_Layer%20174.jpg  |https://sportscards.standard.us-east-1.oortstorages.com/new%20card%20scans%202/card%20matcher/Untitled-23_0002_Layer%20180.jpg 
2024-25 Panini Donruss FIFA 93 Kristoffer Ajer Optic-Argyle	Kristoffer Ajer	93	Panini Donruss FIFA	Panini	2024-25	FIFA	Optic-Argyle	https://sportscards.standard.us-east-1.oortstorages.com/new%20card%20scans%202/card%20matcher/Untitled-23_0009_Layer%20173.jpg   |https://sportscards.standard.us-east-1.oortstorages.com/new%20card%20scans%202/card%20matcher/Untitled-23_0003_Layer%20179.jpg 
2024 Topps Finest MLS 65 Tyler Wolff Refractor	Tyler Wolff	65	Topps Finest MLS	Topps	2024	MLS	Refractor	https://sportscards.standard.us-east-1.oortstorages.com/new%20card%20scans%202/card%20matcher/Untitled-15_0010_Layer%20121.jpg  |https://sportscards.standard.us-east-1.oortstorages.com/new%20card%20scans%202/card%20matcher/Untitled-15_0004_Layer%20127.jpg 
2024 Topps Finest MLS 149 Bongokuhle Hlongwane Checkerboard	Bongokuhle Hlongwane	149	Topps Finest MLS	Topps	2024	MLS	Checkerboard	https://sportscards.standard.us-east-1.oortstorages.com/new%20card%20scans%202/card%20matcher/Untitled-15_0006_Layer%20125.jpg  |https://sportscards.standard.us-east-1.oortstorages.com/new%20card%20scans%202/card%20matcher/Untitled-16_0002_Layer%20141.jpg 
2024 Topps Finest MLS 45 Cody Baker Checkerboard	Cody Baker	45	Topps Finest MLS	Topps	2024	MLS	Checkerboard	https://sportscards.standard.us-east-1.oortstorages.com/new%20card%20scans%202/card%20matcher/Untitled-12_0006_Layer%20100.jpg   |https://sportscards.standard.us-east-1.oortstorages.com/new%20card%20scans%202/card%20matcher/Untitled-12_0000_Layer%20106.jpg 
2024 Topps Finest MLS 145 Cody Baker Refractor	Cody Baker	145	Topps Finest MLS	Topps	2024	MLS	Refractor	https://sportscards.standard.us-east-1.oortstorages.com/new%20card%20scans%202/card%20matcher/Untitled-12_0007_Layer%2099.jpg   |https://sportscards.standard.us-east-1.oortstorages.com/new%20card%20scans%202/card%20matcher/Untitled-12_0001_Layer%20105.jpg 
2024 Topps Finest MLS 94 Lewis Morgan Checkerboard	Lewis Morgan	94	Topps Finest MLS	Topps	2024	MLS	Checkerboard	https://sportscards.standard.us-east-1.oortstorages.com/new%20card%20scans%202/card%20matcher/Untitled-12_0008_Layer%2098.jpg  |https://sportscards.standard.us-east-1.oortstorages.com/new%20card%20scans%202/card%20matcher/Untitled-12_0002_Layer%20104.jpg 
2024 Topps Finest MLS 243 Cristian Roldan Oil Spill Refractor	Cristian Roldan	243	Topps Finest MLS	Topps	2024	MLS	Oil Spill Refractor	https://sportscards.standard.us-east-1.oortstorages.com/new%20card%20scans%202/card%20matcher/Untitled-15_0009_Layer%20122.jpg  |https://sportscards.standard.us-east-1.oortstorages.com/new%20card%20scans%202/card%20matcher/Untitled-15_0003_Layer%20128.jpg 
2024 Topps Finest MLS 249 Robin Lod Oil Spill Refractor	Robin Lod	249	Topps Finest MLS	Topps	2024	MLS	Oil Spill Refractor	https://sportscards.standard.us-east-1.oortstorages.com/new%20card%20scans%202/card%20matcher/Untitled-15_0007_Layer%20124.jpg  |https://sportscards.standard.us-east-1.oortstorages.com/new%20card%20scans%202/card%20matcher/Untitled-15_0001_Layer%20130.jpg 
2024 Topps Finest MLS 285 Zardes Refractor	Gyasi Zardes	285	Topps Finest MLS	Topps	2024	MLS	Oil Spill Refractor	https://sportscards.standard.us-east-1.oortstorages.com/new%20card%20scans%202/card%20matcher/Untitled-15_0011_Layer%20120.jpg  |https://sportscards.standard.us-east-1.oortstorages.com/new%20card%20scans%202/card%20matcher/Untitled-15_0005_Layer%20126.jpg 
2024 Topps Finest MLS 32 Osman Bukari Refractor	Osman Bukari	32	Topps Finest MLS	Topps	2024	MLS	Refractor	https://sportscards.standard.us-east-1.oortstorages.com/new%20card%20scans%202/card%20matcher/Untitled-15_0008_Layer%20123.jpg  |https://sportscards.standard.us-east-1.oortstorages.com/new%20card%20scans%202/card%20matcher/Untitled-15_0002_Layer%20129.jpg 
2024 Topps Finest MLS Prized Footballers PF12 Lucho Acosta	Lucho Acosta	PF12	Topps Finest MLS	Topps	2024	MLS		https://sportscards.standard.us-east-1.oortstorages.com/new%20card%20scans%202/card%20matcher/Untitled-17_0008_Layer%20147.jpg |https://sportscards.standard.us-east-1.oortstorages.com/new%20card%20scans%202/card%20matcher/Untitled-17_0002_Layer%20153.jpg 
2024 Topps Finest MLS Prized Footballers PF19 Nimfasha Berchimas	Nimfasha Berchimas	PF19	Topps Finest MLS	Topps	2024	MLS		https://sportscards.standard.us-east-1.oortstorages.com/new%20card%20scans%202/card%20matcher/Untitled-17_0007_Layer%20148.jpg |https://sportscards.standard.us-east-1.oortstorages.com/new%20card%20scans%202/card%20matcher/Untitled-17_0001_Layer%20154.jpg 
2024 Topps Finest MLS Prized Footballers PF25 Alexey Miranchuk	 Alexey Miranchuk	PF25	Topps Finest MLS	Topps	2024	MLS		https://sportscards.standard.us-east-1.oortstorages.com/new%20card%20scans%202/card%20matcher/Untitled-17_0006_Layer%20149.jpg |https://sportscards.standard.us-east-1.oortstorages.com/new%20card%20scans%202/card%20matcher/Untitled-17_0000_Layer%20155.jpg 
2024 Topps Finest MLS Prized Footballers PF2 Riqui Puig	Riqui Puig	PF2	Topps Finest MLS	Topps	2024	MLS		https://sportscards.standard.us-east-1.oortstorages.com/new%20card%20scans%202/card%20matcher/Untitled-17_0010_Layer%20145.jpg |https://sportscards.standard.us-east-1.oortstorages.com/new%20card%20scans%202/card%20matcher/Untitled-17_0004_Layer%20151.jpg 
2024 Topps Finest MLS Prized Footballers PF20 Gabriel Pec	Gabriel Pec	PF20	Topps Finest MLS	Topps	2024	MLS		https://sportscards.standard.us-east-1.oortstorages.com/new%20card%20scans%202/card%20matcher/Untitled-17_0011_Layer%20144.jpg |https://sportscards.standard.us-east-1.oortstorages.com/new%20card%20scans%202/card%20matcher/Untitled-17_0005_Layer%20150.jpg 
2024 Topps Finest MLS Prized Footballers PF23 Joseph Paintsil	Joseph Paintsil	PF23	Topps Finest MLS	Topps	2024	MLS		https://sportscards.standard.us-east-1.oortstorages.com/new%20card%20scans%202/card%20matcher/Untitled-17_0009_Layer%20146.jpg |https://sportscards.standard.us-east-1.oortstorages.com/new%20card%20scans%202/card%20matcher/Untitled-17_0003_Layer%20152.jpg 
2024 Topps Finest MLS 290 Quinn Sullivan Oil Spill Refractor	Quinn Sullivan	290	Topps Finest MLS	Topps	2024	MLS	Oil Spill Refractor	https://sportscards.standard.us-east-1.oortstorages.com/new%20card%20scans%202/card%20matcher/Untitled-14_0008_Layer%20122.jpg |https://sportscards.standard.us-east-1.oortstorages.com/new%20card%20scans%202/card%20matcher/Untitled-14_0002_Layer%20128.jpg 
2024 Topps Finest MLS 149 Bongokuhle Hlongwane Refractor	Bongokuhle Hlongwane	149	Topps Finest MLS	Topps	2024	MLS	Refractor	https://sportscards.standard.us-east-1.oortstorages.com/new%20card%20scans%202/card%20matcher/Untitled-16_0008_Layer%20135.jpg |https://sportscards.standard.us-east-1.oortstorages.com/new%20card%20scans%202/card%20matcher/Untitled-16_0002_Layer%20141.jpg 
2024-25 Panini Donruss FIFA Magicians 5 Nico Gonzalez	Nico Gonzalez	5	Panini Donruss FIFA	Panini	2024-25	FIFA		https://sportscards.standard.us-east-1.oortstorages.com/new%20card%20scans%202/card%20matcher/Untitled-18_0011_Layer%20145.jpg |https://sportscards.standard.us-east-1.oortstorages.com/new%20card%20scans%202/card%20matcher/Untitled-18_0005_Layer%20151.jpg 
2024-25 Panini Donruss FIFA 80 Lionel Messi	Lionel Messi	80	Panini Donruss FIFA	Panini	2024-25	FIFA		https://sportscards.standard.us-east-1.oortstorages.com/new%20card%20scans%202/card%20matcher/Untitled-18_0010_Layer%20146.jpg |https://sportscards.standard.us-east-1.oortstorages.com/new%20card%20scans%202/card%20matcher/Untitled-18_0004_Layer%20152.jpg 
2024-25 Panini Donruss FIFA Magicians 10 Lionel Messi	Lionel Messi	10	Panini Donruss FIFA	Panini	2024-25	FIFA		https://sportscards.standard.us-east-1.oortstorages.com/new%20card%20scans%202/card%20matcher/Untitled-18_0009_Layer%20147.jpg |https://sportscards.standard.us-east-1.oortstorages.com/new%20card%20scans%202/card%20matcher/Untitled-18_0003_Layer%20153.jpg 
2024 Topps Finest MLS Finest Dominators DO10 Sergio Busquets	Sergio Busquets	DO10	Topps Finest MLS	Topps	2024	MLS		https://sportscards.standard.us-east-1.oortstorages.com/new%20card%20scans%202/card%20matcher/Untitled-18_0006_Layer%20150.jpg |https://sportscards.standard.us-east-1.oortstorages.com/new%20card%20scans%202/card%20matcher/Untitled-18_0000_Layer%20156.jpg 
2024 Topps Finest MLS 222 Jack Mcglynn Oil Spill Refractor	Jack Mcglynn	222	Topps Finest MLS	Topps	2024	MLS	Oil Spill Refractor	https://sportscards.standard.us-east-1.oortstorages.com/new%20card%20scans%202/card%20matcher/Untitled-14_0007_Layer%20123.jpg |https://sportscards.standard.us-east-1.oortstorages.com/new%20card%20scans%202/card%20matcher/Untitled-14_0001_Layer%20129.jpg 
2024 Topps Finest MLS 211 Ryan Gauld Oil Spill Refractor	Ryan Gauld	211	Topps Finest MLS	Topps	2024	MLS	Oil Spill Refractor	https://sportscards.standard.us-east-1.oortstorages.com/new%20card%20scans%202/card%20matcher/Untitled-14_0006_Layer%20124.jpg |https://sportscards.standard.us-east-1.oortstorages.com/new%20card%20scans%202/card%20matcher/Untitled-14_0000_Layer%20130.jpg 
2024 Topps Finest MLS 269 Cristian Espinoza Oil Spill Refractor	Cristian Espinoza	269	Topps Finest MLS	Topps	2024	MLS	Oil Spill Refractor	https://sportscards.standard.us-east-1.oortstorages.com/new%20card%20scans%202/card%20matcher/Untitled-14_0011_Layer%20119.jpg |https://sportscards.standard.us-east-1.oortstorages.com/new%20card%20scans%202/card%20matcher/Untitled-14_0005_Layer%20125.jpg 
2024 Topps Finest MLS 96 Benja Cremaschi Checkerboard	Benja Cremaschi	96	Topps Finest MLS	Topps	2024	MLS	Checkerboard	https://sportscards.standard.us-east-1.oortstorages.com/new%20card%20scans%202/card%20matcher/Untitled-14_0010_Layer%20120.jpg |https://sportscards.standard.us-east-1.oortstorages.com/new%20card%20scans%202/card%20matcher/Untitled-14_0004_Layer%20126.jpg 
2024 Topps Finest MLS 218 Lucho Acosta Oil Spill Refractor	Lucho Acosta	218	Topps Finest MLS	Topps	2024	MLS	Oil Spill Refractor	https://sportscards.standard.us-east-1.oortstorages.com/new%20card%20scans%202/card%20matcher/Untitled-14_0009_Layer%20121.jpg |https://sportscards.standard.us-east-1.oortstorages.com/new%20card%20scans%202/card%20matcher/Untitled-14_0003_Layer%20127.jpg 
2024 Topps Finest MLS Short Prints MLS9 Zlatan Ibrahimovic	Zlatan Ibrahimovic	MLS9	Topps Finest MLS	Topps	2024	MLS	Short Prints	https://sportscards.standard.us-east-1.oortstorages.com/new%20card%20scans%202/card%20matcher/Untitled-8_0008_Layer%2072.jpg | https://sportscards.standard.us-east-1.oortstorages.com/new%20card%20scans%202/card%20matcher/Untitled-8_0003_Layer%2077.jpg 
2024 Topps Finest MLS 30 Gabriel Pec	Gabriel Pec	30	Topps Finest MLS	Topps	2024	MLS		https://sportscards.standard.us-east-1.oortstorages.com/new%20card%20scans%202/card%20matcher/Untitled-16_0006_Layer%20137.jpg |https://sportscards.standard.us-east-1.oortstorages.com/new%20card%20scans%202/card%20matcher/Untitled-16_0000_Layer%20143.jpg 
2024 Topps Finest MLS 263 Diego Fagundez Oil Spill Refractor	Diego Fagundez	263	Topps Finest MLS	Topps	2024	MLS	Oil Spill Refractor	https://sportscards.standard.us-east-1.oortstorages.com/new%20card%20scans%202/card%20matcher/Untitled-16_0011_Layer%20132.jpg |https://sportscards.standard.us-east-1.oortstorages.com/new%20card%20scans%202/card%20matcher/Untitled-9_0005_Layer%2087.jpg 
2024 Topps Finest MLS 100 Riqui Puig Refractor	Riqui Puig	100	Topps Finest MLS	Topps	2024	MLS	Refractor	https://sportscards.standard.us-east-1.oortstorages.com/new%20card%20scans%202/card%20matcher/Untitled-16_0010_Layer%20133.jpg |https://sportscards.standard.us-east-1.oortstorages.com/new%20card%20scans%202/card%20matcher/Untitled-16_0004_Layer%20139.jpg 
2024 Topps Finest MLS 202 Riqui Puig Oil Spill Refractor	Riqui Puig	202	 Topps Finest MLS	Topps	2024	MLS	Oil Spill Refractor	https://sportscards.standard.us-east-1.oortstorages.com/new%20card%20scans%202/card%20matcher/Untitled-16_0009_Layer%20134.jpg | https://sportscards.standard.us-east-1.oortstorages.com/new%20card%20scans%202/card%20matcher/Untitled-9_0000_Layer%2092.jpg 
2023-24 Panini Select Premier League Equalizers 20 Matheus Cunha	Matheus Cunha	20	 Panini Select Premier League	Panini	2023–24	Premier League		https://sportscards.standard.us-east-1.oortstorages.com/new%20card%20scans%202/card%20matcher/card%20matcher/Untitled-16_0000_Layer%2094.jpg  | https://sportscards.standard.us-east-1.oortstorages.com/new%20card%20scans%202/card%20matcher/card%20matcher/Untitled-16-back_0000_Layer%2094.jpg 
2023-24 Panini Select Premier League 200 Mario Lemina Red Ice	Mario Lemina	200	 Panini Select Premier League	Panini	2023–24	Premier League	Red Ice	https://sportscards.standard.us-east-1.oortstorages.com/new%20card%20scans%202/card%20matcher/card%20matcher/Untitled-16_0002_Layer%2092.jpg | https://sportscards.standard.us-east-1.oortstorages.com/new%20card%20scans%202/card%20matcher/card%20matcher/Untitled-55_0004_Layer%2040.jpg
2023-24 Panini Select Premier League Unstoppable 20 Hee-Chan Hwang	Hee-Chan Hwang	20	 Panini Select Premier League	Panini	2023–24	Premier League		https://sportscards.standard.us-east-1.oortstorages.com/new%20card%20scans%202/card%20matcher/card%20matcher/Untitled-16_0001_Layer%2093.jpg | https://sportscards.standard.us-east-1.oortstorages.com/new%20card%20scans%202/card%20matcher/card%20matcher/Untitled-16-back_0001_Layer%2093.jpg 
2023-24 Panini Select Premier League 199 Hee-Chan Hwang Pink Ice	Hee-Chan Hwang	199	 Panini Select Premier League	Panini	2023–24	Premier League	Pink Ice	https://sportscards.standard.us-east-1.oortstorages.com/new%20card%20scans%202/card%20matcher/card%20matcher/Untitled-16_0004_Layer%2090.jpg | https://sportscards.standard.us-east-1.oortstorages.com/new%20card%20scans%202/card%20matcher/card%20matcher/Untitled-16-back_0004_Layer%2090.jpg 
2023-24 Panini Select Premier League 250 Hee-Chan Hwang Red Ice	Hee-Chan Hwang	250	 Panini Select Premier League	Panini	2023–24	Premier League	Red Ice	https://sportscards.standard.us-east-1.oortstorages.com/new%20card%20scans%202/card%20matcher/card%20matcher/Untitled-16_0003_Layer%2091.jpg | https://sportscards.standard.us-east-1.oortstorages.com/new%20card%20scans%202/card%20matcher/card%20matcher/Untitled-16-back_0003_Layer%2091.jpg 
2023-24 Panini Select Premier League 220 Matheus Cunha Red Ice	Matheus Cunha	220	 Panini Select Premier League	Panini	2023–24	Premier League	Red Ice	https://sportscards.standard.us-east-1.oortstorages.com/new%20card%20scans%202/card%20matcher/card%20matcher/Untitled-15_0000_Layer%2088.jpg | https://sportscards.standard.us-east-1.oortstorages.com/new%20card%20scans%202/card%20matcher/card%20matcher/Untitled-15-back_0000_Layer%2093.jpg 
2023-24 Panini Select Premier League 220 Matheus Cunha Red	Matheus Cunha	220	 Panini Select Premier League	Panini	2023–24	Premier League	Red 	https://sportscards.standard.us-east-1.oortstorages.com/new%20card%20scans%202/card%20matcher/card%20matcher/Untitled-15_0004_Layer%2084.jpg | https://sportscards.standard.us-east-1.oortstorages.com/new%20card%20scans%202/card%20matcher/card%20matcher/Untitled-15-back_0004_Layer%2089.jpg 
2023-24 Panini Select Premier League 99 Jean-Ricner Bellegarde Red Ice	 Jean-Ricner Bellegarde	99	 Panini Select Premier League	Panini	2023–24	Premier League	Red Ice	https://sportscards.standard.us-east-1.oortstorages.com/new%20card%20scans%202/card%20matcher/card%20matcher/Untitled-15_0003_Layer%2085.jpg | https://sportscards.standard.us-east-1.oortstorages.com/new%20card%20scans%202/card%20matcher/card%20matcher/Untitled-15-back_0003_Layer%2090.jpg 
2023-24 Panini Select Premier League 97 Pedro Neto Red Ice	Pedro Neto	97	 Panini Select Premier League	Panini	2023–24	Premier League	Red Ice	https://sportscards.standard.us-east-1.oortstorages.com/new%20card%20scans%202/card%20matcher/card%20matcher/Untitled-15_0002_Layer%2086.jpg | https://sportscards.standard.us-east-1.oortstorages.com/new%20card%20scans%202/card%20matcher/card%20matcher/Untitled-15-back_0002_Layer%2091.jpg 
2023-24 Panini Select Premier League Select Stars 19 Jarrod Bowen Blue Pulsar	Jarrod Bowen	19	 Panini Select Premier League Select Stars	Panini	2023–24	Premier League	Blue Pulsar	https://sportscards.standard.us-east-1.oortstorages.com/new%20card%20scans%202/card%20matcher/card%20matcher/Untitled-14_0001_Layer%2086.jpg | https://sportscards.standard.us-east-1.oortstorages.com/new%20card%20scans%202/card%20matcher/card%20matcher/Untitled-14-back_0000_Layer%2088.jpg 
2023-24 Panini Select Premier League Select Stars 19 Jarrod Bowen	Jarrod Bowen	19	 Panini Select Premier League Select Stars	Panini	2023–24	Premier League		https://sportscards.standard.us-east-1.oortstorages.com/new%20card%20scans%202/card%20matcher/card%20matcher/Untitled-14_0000_Layer%2087.jpg | https://sportscards.standard.us-east-1.oortstorages.com/new%20card%20scans%202/card%20matcher/card%20matcher/Untitled-14-back_0001_Layer%2087.jpg 
2023-24 Panini Select Premier League 93 Nayef Aguerd Red Ice	Nayef Aguerd	93	 Panini Select Premier League	Panini	2023–24	Premier League	Red Ice	https://sportscards.standard.us-east-1.oortstorages.com/new%20card%20scans%202/card%20matcher/card%20matcher/Untitled-14_0004_Layer%2083.jpg | https://sportscards.standard.us-east-1.oortstorages.com/new%20card%20scans%202/card%20matcher/card%20matcher/Untitled-14-back_0004_Layer%2084.jpg 
2023-24 Panini Select Premier League 249 Jarrod Bowen Red Ice	Jarrod Bowen	249	 Panini Select Premier League	Panini	2023–24	Premier League	Red Ice	https://sportscards.standard.us-east-1.oortstorages.com/new%20card%20scans%202/card%20matcher/card%20matcher/Untitled-14-back_0004_Layer%2084.jpg | https://sportscards.standard.us-east-1.oortstorages.com/new%20card%20scans%202/card%20matcher/card%20matcher/Untitled-14-back_0003_Layer%2085.jpg
2023-24 Panini Select Premier League 193 Michail Antonio	 Michail Antonio	193	 Panini Select Premier League	Panini	2023–24	Premier League		https://sportscards.standard.us-east-1.oortstorages.com/new%20card%20scans%202/card%20matcher/card%20matcher/Untitled-14_0002_Layer%2085.jpg | https://sportscards.standard.us-east-1.oortstorages.com/new%20card%20scans%202/card%20matcher/card%20matcher/Untitled-14-back_0002_Layer%2086.jpg
2023-24 Panini Select Premier League Equalizers 19 Lucas Paqueta	Lucas Paqueta	19	 Panini Select Premier League	Panini	2023–24	Premier League		https://sportscards.standard.us-east-1.oortstorages.com/new%20card%20scans%202/card%20matcher/card%20matcher/Untitled-14_0005_Layer%2082.jpg  | https://sportscards.standard.us-east-1.oortstorages.com/new%20card%20scans%202/card%20matcher/card%20matcher/Untitled-14-back_0005_Layer%2083.jpg 
2023-24 Panini Select Premier League Equalizers 2 Martin Odegaard	Martin Odegaard	2	 Panini Select Premier League	Panini	2023–24	Premier League		https://sportscards.standard.us-east-1.oortstorages.com/new%20card%20scans%202/card%20matcher/card%20matcher/Untitled-24_0002_Layer%20134.jpg  | https://sportscards.standard.us-east-1.oortstorages.com/new%20card%20scans%202/card%20matcher/card%20matcher/Untitled-24-back_0000_Layer%20137.jpg 
2023-24 Topps Merlin UEFA Club Competitions 14 Martin Odegaard	Martin Odegaard	14	 Topps Merlin UEFA Club Competitions	Topps	2023–24	Premier League		https://sportscards.standard.us-east-1.oortstorages.com/new%20card%20scans%202/card%20matcher/card%20matcher/Untitled-24_0005_Layer%20131.jpg  | https://sportscards.standard.us-east-1.oortstorages.com/new%20card%20scans%202/card%20matcher/card%20matcher/Untitled-24-back_0003_Layer%20134.jpg 
2023-24 Panini Select Premier League 221 Declan Rice Purple	Declan Rice	221	 Panini Select Premier League	Panini	2023–24	Premier League	Purple Refractor	https://sportscards.standard.us-east-1.oortstorages.com/new%20card%20scans%202/card%20matcher/card%20matcher/Untitled-44_0008_Layer%2027.jpg  | https://sportscards.standard.us-east-1.oortstorages.com/new%20card%20scans%202/card%20matcher/card%20matcher/Untitled-44_0002_Layer%2033.jpg 
2023-24 Panini Select Premier League 110 Kai Havertz	 Kai Havertz	110	 Panini Select Premier League	Panini	2023–24	Premier League		https://sportscards.standard.us-east-1.oortstorages.com/new%20card%20scans%202/card%20matcher/card%20matcher/Untitled-10_0000_Layer%2061.jpg  | https://sportscards.standard.us-east-1.oortstorages.com/new%20card%20scans%202/card%20matcher/card%20matcher/Untitled-10-back_0000_Layer%2062.jpg 
2023-24 Panini Select Premier League 222 Martin Odegaard Red Ice	Martin Odegaard	222	 Panini Select Premier League	Panini	2023–24	Premier League	Red Ice	https://sportscards.standard.us-east-1.oortstorages.com/new%20card%20scans%202/card%20matcher/card%20matcher/Untitled-44_0010_Layer%2025.jpg  | https://sportscards.standard.us-east-1.oortstorages.com/new%20card%20scans%202/card%20matcher/card%20matcher/Untitled-56_0002_Layer%2042.jpg 
2023-24 Panini Select Premier League 225 William Saliba Red Ice	William Saliba	225	 Panini Select Premier League	Panini	2023–24	Premier League	Red Ice	https://sportscards.standard.us-east-1.oortstorages.com/new%20card%20scans%202/card%20matcher/card%20matcher/Untitled-44_0011_Layer%2024.jpg  | https://sportscards.standard.us-east-1.oortstorages.com/new%20card%20scans%202/card%20matcher/card%20matcher/Untitled-44_0005_Layer%2030.jpg 
2023-24 Panini Select Premier League 15 Emiliano Martinez Red	Emiliano Martinez	15	 Panini Select Premier League	Panini	2023-24	Premier League	Red	https://sportscards.standard.us-east-1.oortstorages.com/new%20card%20scans%202/card%20matcher/card%20matcher/Untitled-45_0009_Layer%203.jpg  | https://sportscards.standard.us-east-1.oortstorages.com/new%20card%20scans%202/card%20matcher/card%20matcher/Untitled-45_0003_Layer%209.jpg 
2022-23 Topps Merlin Chrome UEFA Club Competitions 13 Eddie Nketiah Refractor	Eddie Nketiah	13	2223 Topps Merlin Chrome UEFA Club Competitions	Topps	2022-23	Premier League	Refractor	https://sportscards.standard.us-east-1.oortstorages.com/new%20card%20scans%202/card%20matcher/card%20matcher/Untitled-24_0004_Layer%20132.jpg  | https://sportscards.standard.us-east-1.oortstorages.com/new%20card%20scans%202/card%20matcher/card%20matcher/Untitled-24-back_0004_Layer%20133.jpg 
2023-24 Panini Select Premier League Select Stars 2 Bukayo Saka	Bukayo Saka	2	 Panini Select Premier League Select Stars	Panini	2023-24	Premier League		https://sportscards.standard.us-east-1.oortstorages.com/new%20card%20scans%202/card%20matcher/card%20matcher/Untitled-24_0000_Layer%20136.jpg  | https://sportscards.standard.us-east-1.oortstorages.com/new%20card%20scans%202/card%20matcher/card%20matcher/Untitled-24-back_0002_Layer%20135.jpg 
2023-24 Panini Select Premier League 10 William Saliba Red Ice	William Saliba	10	 Panini Select Premier League	Panini	2023-24	Premier League	Red Ice	https://sportscards.standard.us-east-1.oortstorages.com/new%20card%20scans%202/card%20matcher/card%20matcher/Untitled-44_0009_Layer%2026.jpg  | https://sportscards.standard.us-east-1.oortstorages.com/new%20card%20scans%202/card%20matcher/card%20matcher/Untitled-44_0003_Layer%2032.jpg 
2022-23 Topps Merlin Chrome UEFA Club Competitions 16 Gabriel Jesus Refractor	Gabriel Jesus	16	2223 Topps Merlin Chrome UEFA Club Competitions	Topps	2022-23	Premier League	Refractor	https://sportscards.standard.us-east-1.oortstorages.com/new%20card%20scans%202/card%20matcher/card%20matcher/Untitled-24_0003_Layer%20133.jpg  | https://sportscards.standard.us-east-1.oortstorages.com/new%20card%20scans%202/card%20matcher/card%20matcher/Untitled-24-back_0005_Layer%20132.jpg 
2023-24 Panini Select Premier League Select Future 3 Fabio Vieira	Fabio Vieira	3	 Panini Select Premier League Select Future	Panini	2023-24	Premier League		https://sportscards.standard.us-east-1.oortstorages.com/new%20card%20scans%202/card%20matcher/card%20matcher/Untitled-24_0001_Layer%20135.jpg  | https://sportscards.standard.us-east-1.oortstorages.com/new%20card%20scans%202/card%20matcher/card%20matcher/Untitled-24-back_0001_Layer%20136.jpg 
2023-24 Panini Select Premier League 110 Kai Havertz Red Ice	Kai Havertz	110	 Panini Select Premier League	Panini	2023-24	Premier League	Red Ice	https://sportscards.standard.us-east-1.oortstorages.com/new%20card%20scans%202/card%20matcher/card%20matcher/Untitled-44_0010_Layer%2025.jpg  | https://sportscards.standard.us-east-1.oortstorages.com/new%20card%20scans%202/card%20matcher/card%20matcher/Untitled-44_0004_Layer%2031.jpg 
2023-24 Panini Select Premier League 223 Gabriel Martinelli Red Ice	Gabriel Martinelli	223	 Panini Select Premier League	Panini	2023-24	Premier League	Red Ice	https://sportscards.standard.us-east-1.oortstorages.com/new%20card%20scans%202/card%20matcher/card%20matcher/Untitled-44_0006_Layer%2029.jpg  | https://sportscards.standard.us-east-1.oortstorages.com/new%20card%20scans%202/card%20matcher/card%20matcher/Untitled-44_0000_Layer%2035.jpg 
2023-24 Panini Select Premier League 13 Matty Cash Red Ice	Matty Cash	13	 Panini Select Premier League	Panini	2023-24	Premier League	Red Ice	https://sportscards.standard.us-east-1.oortstorages.com/new%20card%20scans%202/card%20matcher/card%20matcher/Untitled-1_0022_Layer%2026.jpg  | https://sportscards.standard.us-east-1.oortstorages.com/new%20card%20scans%202/card%20matcher/card%20matcher/Untitled-1_0016_Layer%2032.jpg 
2023-24 Panini Select Premier League 15 Emiliano Martinez Red Ice	Emiliano Martinez	15	 Panini Select Premier League	Panini	2023-24	Premier League	Red Ice	https://sportscards.standard.us-east-1.oortstorages.com/new%20card%20scans%202/card%20matcher/card%20matcher/Untitled-45_0010_Layer%202.jpg  | https://sportscards.standard.us-east-1.oortstorages.com/new%20card%20scans%202/card%20matcher/card%20matcher/Untitled-45_0003_Layer%209.jpg 